Peptide	CysteinePositionsInPeptide	CysteinePositionsInProtein	DisulfidePartnerPositionsInProtein	Protein
CGRLNMHMNVQNGKWDSDPSGTKTC	[1, 25]	[38, 62]	[62, 38]	P05067
MATGGR	[]	[]	[]	P06213
RGAAAAPLLVAVAALLLGAAGHLYPGEVCPGMDIR	[29]	[35]	[53]	P06213
NNLTRLHELENCSVIEGHLQILLMFK	[12]	[53]	[35]	P06213
TRPEDFR	[]	[]	[]	P06213
DLSFPKLIMITDYLLLFR	[]	[]	[]	P06213
VYGLESLK	[]	[]	[]	P06213
DLFPNLTVIR	[]	[]	[]	P06213
GSR	[]	[]	[]	P06213
LFFNYALVIFEMVHLK	[]	[]	[]	P06213
ELGLYNLMNITR	[]	[]	[]	P06213
GSVR	[]	[]	[]	P06213
IEK	[]	[]	[]	P06213
NNELCYLATIDWSR	[5]	[153]	[182]	P06213
ILDSVEDNYIVLNK	[]	[]	[]	P06213
DDNEECGDICPGTAKGK	[6, 10]	[182, 186]	[153, 209]	P06213
TNCPATVINGQFVER	[3]	[196]	[215]	P06213
CWTHSHCQR	[]	[]	[]	P06213
KVCPTICK	[3, 7]	[219, 223]	[228, 234]	P06213
SHGCTAEGLCCHSECLGNCSQPDDPTK	[4, 10, 11, 15, 19]	[228, 234, 235, 239, 243]	[219, 223, 243, 252, 235]	P06213
CVACR	[1, 4]	[252, 255]	[239, 264]	P06213
NFYLDGK	[]	[]	[]	P06213
CVETCPPPYYHFQDWRCVNFSFCQDLHHK	[1, 5, 17, 23]	[264, 268, 280, 286]	[255, 280, 268, 311]	P06213
CKNSR	[1]	[293]	[301]	P06213
RQGCHQYVIHNNK	[4]	[301]	[293]	P06213
CIPECPSGYTMNSSNLLCTPCLGPCPK	[1, 5, 18, 21, 25]	[311, 315, 328, 331, 335]	[286, 328, 315, 335, 331]	P06213
VCHLLEGEK	[2]	[339]	[360]	P06213
TIDSVTSAQELR	[]	[]	[]	P06213
